[  
  {  
     "id":1,
     "duration":"13h 19m",
     "price":1932,
     "fromCode":"SEA",
     "toCode":"BCN",
     "distance":3500,
     "stop":1,
     "fldate":"10-12-2017",
     "segments":[  
        {  
           "airline":"JetBlue Airlines",
           "flight":"2256",
           "fromCode":"SEA",
           "fromCity":"Seattle",
           "departTime":"2017-12-10T13:11:00Z",
		   "fromterminalno":"T1",
		   "fromgateno":"B7",
		   "toterminalno":"",
		   "togateno":"",
           "toCode":"CDG",
           "toCity":"Paris",
           "arrivalTime":"2017-12-11T08:20:00Z"
        },
        {  
           "airline":"JetBlue Airlines",
           "flight":"33445",
           "fromCode":"CDG",
           "fromCity":"Paris",
	       "fromterminalno":"",
		   "fromgateno":"",
		   "toterminalno":"",
		   "togateno":"",
           "departTime":"2017-12-11T09:50:00Z",
           "toCode":"BCN",
           "toCity":"Barcelona",
           "arrivalTime":"2017-12-11T11:35:00Z"
        }
     ]
  },
  {  
     "id":2,
     "duration":"13h 19m",
     "price":1442,
     "fromCode":"SEA",
     "toCode":"BCN",
     "distance":3500,
     "stop":1,
     "fldate":"11-12-2017",
     "segments":[  
        {  
           "airline":"Hawaiian Airlines",
           "flight":"5556",
           "fromCode":"SEA",
           "fromCity":"Seattle",
           "departTime":"2017-12-10T13:11:00Z",
		   "fromterminalno":"T1",
		   "fromgateno":"B7",
		   "toterminalno":"",
		   "togateno":"",
           "toCode":"CDG",
           "toCity":"Paris",
           "arrivalTime":"2017-12-11T08:20:00Z"
        },
        {  
           "airline":"Hawaiian Airlines",
           "flight":"5445",
           "fromCode":"CDG",
           "fromCity":"Paris",
           "departTime":"2017-12-11T09:50:00Z",
		   "fromterminalno":"",
		   "fromgateno":"",
		   "toterminalno":"",
		   "togateno":"",
           "toCode":"BCN",
           "toCity":"Barcelona",
           "arrivalTime":"2017-12-11T11:30:00Z"
        }
     ]
  },
  {  
     "id":3,
     "duration":"14h 30m",
     "price":1890,
     "fromCode":"SEA",
     "toCode":"BCN",
     "distance":3500,
     "stop":1,
     "fldate":"12-12-2017",
     "segments":[  
        {  
           "airline":"JetBlue Airlines",
           "flight":"1445",
           "fromCode":"SEA",
           "fromCity":"Seattle",
           "departTime":"2017-12-10T09:15:00Z",
		   "fromterminalno":"T2",
		   "fromgateno":"B2",
		   "toterminalno":"",
		   "togateno":"",
           "toCode":"ATL",
           "toCity":"Atlanta",
           "arrivalTime":"2017-12-10T16:54:00Z"
        },
        {  
           "airline":"JetBlue Airlines",
           "flight":"3330",
           "fromCode":"ATL",
           "fromCity":"Atlanta",
           "departTime":"2017-12-11T17:50:00Z",
		   "fromterminalno":"",
		   "fromgateno":"",
		   "toterminalno":"",
		   "togateno":"",
           "toCode":"BCN",
           "toCity":"Barcelona",
           "arrivalTime":"2017-12-11T08:36:00Z"
        }
     ]
  },
  {  
     "id":4,
     "duration":"17h 15m",
     "price":1901,
     "fromCode":"SEA",
     "toCode":"BCN",
     "distance":3500,
     "stop":1,
     "fldate":"13-12-2017",
     "segments":[  
        {  
           "airline":"Delta Airlines",
           "flight":"46007",
           "fromCode":"SEA",
           "fromCity":"Seattle",
           "departTime":"2017-12-09T07:40:00Z",
		   "fromterminalno":"T1",
		   "fromgateno":"C2",
		   "toterminalno":"",
		   "togateno":"",
           "toCode":"JFK",
           "toCity":"New York",
           "arrivalTime":"2017-12-10T16:00:00Z"
        },
        {  
           "airline":"Delta Airlines",
           "flight":"1222",
           "fromCode":"JFK",
           "fromCity":"New York",
           "departTime":"2017-12-10T19:49:00Z",
		   "fromterminalno":"",
		   "fromgateno":"",
		   "toterminalno":"",
		   "togateno":"",
           "toCode":"BCN",
           "toCity":"Barcelona",
           "arrivalTime":"2017-12-10T09:55:00Z"
        }
     ]
  },
  {  
     "id":5,
     "duration":"13h 25m",
     "price":1935,
     "fromCode":"SEA",
     "toCode":"BCN",
     "distance":3500,
     "stop":1,
     "fldate":"14-12-2017",
     "segments":[  
        {  
           "airline":"KLM Royal dutch KL",
           "flight":"46587",
           "fromCode":"SEA",
           "fromCity":"Seattle",
           "departTime":"2017-12-09T18:00:00Z",
		   "fromterminalno":"T2",
		   "fromgateno":"D7",
		   "toterminalno":"",
		   "togateno":"",
           "toCode":"AMS",
           "toCity":"Amsterdam",
           "arrivalTime":"2017-12-10T13:00:00Z"
        },
        {  
           "airline":"KLM Royal dutch KL",
           "flight":"1112",
           "fromCode":"AMS",
           "fromCity":"Amsterdam",
           "departTime":"2017-12-10T14:15:00Z",
		   "fromterminalno":"",
		   "fromgateno":"",
		   "toterminalno":"",
		   "togateno":"",
           "toCode":"BCN",
           "toCity":"Barcelona",
           "arrivalTime":"2017-12-10T16:25:00Z"
        }
     ]
  },
  {  
     "id":6,
     "duration":"13h 40m",
     "price":1935,
     "fromCode":"SEA",
     "toCode":"BCN",
     "distance":3500,
     "stop":1,
     "fldate":"15-12-2017",
     "segments":[  
        {  
           "airline":"KLM Royal dutch KL",
           "flight":"4567",
           "fromCode":"SEA",
           "fromCity":"Seattle",
           "departTime":"2017-12-09T13:51:00Z",
		   "fromterminalno":"T1",
		   "fromgateno":"N7",
		   "toterminalno":"",
		   "togateno":"",
           "toCode":"AMS",
           "toCity":"Amsterdam",
           "arrivalTime":"2017-12-09T08:50:00Z"
        },
        {  
           "airline":"Delta Airlines DL",
           "flight":"490",
           "fromCode":"AMS",
           "fromCity":"Amsterdam",
           "departTime":"2017-12-10T10:20:00Z",
		   "fromterminalno":"",
		   "fromgateno":"",
		   "toterminalno":"",
		   "togateno":"",
           "toCode":"BCN",
           "toCity":"Barcelona",
           "arrivalTime":"2017-12-10T12:35:00Z"
        }
     ]
  }
]